{
    "tabs": {
        "00": {
            "tab_id": "00",
            "cwd": "/workspace/fastapi_template",
            "observer": {
                "block": "Terminal",
                "uuid": "5cea3737-d622-4414-be05-75658d6f6f3b",
                "enable_llm_stream": false,
                "callback_url": ""
            },
            "shell_command": [
                "bash"
            ],
            "command_terminator": "\n"
        },
        "01": {
            "tab_id": "01",
            "cwd": "/workspace/fastapi_template",
            "observer": {
                "block": "Terminal",
                "uuid": "539c1435-ec95-44be-83fb-f668b9d51e29",
                "enable_llm_stream": false,
                "callback_url": ""
            },
            "shell_command": [
                "bash"
            ],
            "command_terminator": "\n"
        },
        "02": {
            "tab_id": "02",
            "cwd": "/workspace/fastapi_template",
            "observer": {
                "block": "Terminal",
                "uuid": "07e4ed3a-31e8-4b4a-b55a-ad5e5d284bce",
                "enable_llm_stream": false,
                "callback_url": ""
            },
            "shell_command": [
                "bash"
            ],
            "command_terminator": "\n"
        }
    },
    "current_tab_id": "02",
    "forbidden_commands": {
        "run preview": "Use Deployer.deploy_to_public instead.",
        "serve ": "Use Deployer.deploy_to_public instead.",
        "python -m http.server": "Use python -u -m http.server port_number instead."
    },
    "timeout": 300.0,
    "working_dir": "/workspace"
}